/home/da7th/Desktop/Udacity/sdc/CarND-P3/dat/IMG/center_2017_02_12_19_28_12_825.jpg, /home/da7th/Desktop/Udacity/sdc/CarND-P3/dat/IMG/left_2017_02_12_19_28_12_825.jpg, /home/da7th/Desktop/Udacity/sdc/CarND-P3/dat/IMG/right_2017_02_12_19_28_12_825.jpg, 0, 0, 0, 5.107532E-05
/home/da7th/Desktop/Udacity/sdc/CarND-P3/dat/IMG/center_2017_02_12_19_28_12_942.jpg, /home/da7th/Desktop/Udacity/sdc/CarND-P3/dat/IMG/left_2017_02_12_19_28_12_942.jpg, /home/da7th/Desktop/Udacity/sdc/CarND-P3/dat/IMG/right_2017_02_12_19_28_12_942.jpg, 0, 0, 0, 4.946463E-05
/home/da7th/Desktop/Udacity/sdc/CarND-P3/dat/IMG/center_2017_02_12_19_28_13_045.jpg, /home/da7th/Desktop/Udacity/sdc/CarND-P3/dat/IMG/left_2017_02_12_19_28_13_045.jpg, /home/da7th/Desktop/Udacity/sdc/CarND-P3/dat/IMG/right_2017_02_12_19_28_13_045.jpg, 0, 0, 0, 4.892582E-05
/home/da7th/Desktop/Udacity/sdc/CarND-P3/dat/IMG/center_2017_02_12_19_28_13_167.jpg, /home/da7th/Desktop/Udacity/sdc/CarND-P3/dat/IMG/left_2017_02_12_19_28_13_167.jpg, /home/da7th/Desktop/Udacity/sdc/CarND-P3/dat/IMG/right_2017_02_12_19_28_13_167.jpg, 0, 0, 0, 4.985954E-05
/home/da7th/Desktop/Udacity/sdc/CarND-P3/dat/IMG/center_2017_02_12_19_28_13_270.jpg, /home/da7th/Desktop/Udacity/sdc/CarND-P3/dat/IMG/left_2017_02_12_19_28_13_270.jpg, /home/da7th/Desktop/Udacity/sdc/CarND-P3/dat/IMG/right_2017_02_12_19_28_13_270.jpg, 0, 0, 0, 4.98908E-05
/home/da7th/Desktop/Udacity/sdc/CarND-P3/dat/IMG/center_2017_02_12_19_28_13_389.jpg, /home/da7th/Desktop/Udacity/sdc/CarND-P3/dat/IMG/left_2017_02_12_19_28_13_389.jpg, /home/da7th/Desktop/Udacity/sdc/CarND-P3/dat/IMG/right_2017_02_12_19_28_13_389.jpg, 0, 0, 0, 5.000602E-05
/home/da7th/Desktop/Udacity/sdc/CarND-P3/dat/IMG/center_2017_02_12_19_28_13_501.jpg, /home/da7th/Desktop/Udacity/sdc/CarND-P3/dat/IMG/left_2017_02_12_19_28_13_501.jpg, /home/da7th/Desktop/Udacity/sdc/CarND-P3/dat/IMG/right_2017_02_12_19_28_13_501.jpg, 0, 0, 0, 4.948063E-05
/home/da7th/Desktop/Udacity/sdc/CarND-P3/dat/IMG/center_2017_02_12_19_28_13_603.jpg, /home/da7th/Desktop/Udacity/sdc/CarND-P3/dat/IMG/left_2017_02_12_19_28_13_603.jpg, /home/da7th/Desktop/Udacity/sdc/CarND-P3/dat/IMG/right_2017_02_12_19_28_13_603.jpg, 0, 0, 0, 4.924684E-05
/home/da7th/Desktop/Udacity/sdc/CarND-P3/dat/IMG/center_2017_02_12_19_28_13_724.jpg, /home/da7th/Desktop/Udacity/sdc/CarND-P3/dat/IMG/left_2017_02_12_19_28_13_724.jpg, /home/da7th/Desktop/Udacity/sdc/CarND-P3/dat/IMG/right_2017_02_12_19_28_13_724.jpg, 0, 0, 0, 4.905991E-05
/home/da7th/Desktop/Udacity/sdc/CarND-P3/dat/IMG/center_2017_02_12_19_28_13_827.jpg, /home/da7th/Desktop/Udacity/sdc/CarND-P3/dat/IMG/left_2017_02_12_19_28_13_827.jpg, /home/da7th/Desktop/Udacity/sdc/CarND-P3/dat/IMG/right_2017_02_12_19_28_13_827.jpg, 0, 0, 0, 4.966871E-05
/home/da7th/Desktop/Udacity/sdc/CarND-P3/dat/IMG/center_2017_02_12_19_28_13_949.jpg, /home/da7th/Desktop/Udacity/sdc/CarND-P3/dat/IMG/left_2017_02_12_19_28_13_949.jpg, /home/da7th/Desktop/Udacity/sdc/CarND-P3/dat/IMG/right_2017_02_12_19_28_13_949.jpg, 0, 0, 0, 5.139162E-05
/home/da7th/Desktop/Udacity/sdc/CarND-P3/dat/IMG/center_2017_02_12_19_28_14_064.jpg, /home/da7th/Desktop/Udacity/sdc/CarND-P3/dat/IMG/left_2017_02_12_19_28_14_064.jpg, /home/da7th/Desktop/Udacity/sdc/CarND-P3/dat/IMG/right_2017_02_12_19_28_14_064.jpg, 0, 0, 0, 4.935684E-05
/home/da7th/Desktop/Udacity/sdc/CarND-P3/dat/IMG/center_2017_02_12_19_28_14_167.jpg, /home/da7th/Desktop/Udacity/sdc/CarND-P3/dat/IMG/left_2017_02_12_19_28_14_167.jpg, /home/da7th/Desktop/Udacity/sdc/CarND-P3/dat/IMG/right_2017_02_12_19_28_14_167.jpg, 0, 0, 0, 4.975648E-05
/home/da7th/Desktop/Udacity/sdc/CarND-P3/dat/IMG/center_2017_02_12_19_28_14_288.jpg, /home/da7th/Desktop/Udacity/sdc/CarND-P3/dat/IMG/left_2017_02_12_19_28_14_288.jpg, /home/da7th/Desktop/Udacity/sdc/CarND-P3/dat/IMG/right_2017_02_12_19_28_14_288.jpg, 0, 0, 0, 5.428088E-05
/home/da7th/Desktop/Udacity/sdc/CarND-P3/dat/IMG/center_2017_02_12_19_28_14_402.jpg, /home/da7th/Desktop/Udacity/sdc/CarND-P3/dat/IMG/left_2017_02_12_19_28_14_402.jpg, /home/da7th/Desktop/Udacity/sdc/CarND-P3/dat/IMG/right_2017_02_12_19_28_14_402.jpg, 0, 0, 0, 4.958807E-05
/home/da7th/Desktop/Udacity/sdc/CarND-P3/dat/IMG/center_2017_02_12_19_28_14_506.jpg, /home/da7th/Desktop/Udacity/sdc/CarND-P3/dat/IMG/left_2017_02_12_19_28_14_506.jpg, /home/da7th/Desktop/Udacity/sdc/CarND-P3/dat/IMG/right_2017_02_12_19_28_14_506.jpg, 0, 0, 0, 4.920474E-05
/home/da7th/Desktop/Udacity/sdc/CarND-P3/dat/IMG/center_2017_02_12_19_28_14_627.jpg, /home/da7th/Desktop/Udacity/sdc/CarND-P3/dat/IMG/left_2017_02_12_19_28_14_627.jpg, /home/da7th/Desktop/Udacity/sdc/CarND-P3/dat/IMG/right_2017_02_12_19_28_14_627.jpg, 0, 0, 0, 4.982862E-05
/home/da7th/Desktop/Udacity/sdc/CarND-P3/dat/IMG/center_2017_02_12_19_28_14_739.jpg, /home/da7th/Desktop/Udacity/sdc/CarND-P3/dat/IMG/left_2017_02_12_19_28_14_739.jpg, /home/da7th/Desktop/Udacity/sdc/CarND-P3/dat/IMG/right_2017_02_12_19_28_14_739.jpg, 0, 0, 0, 4.94334E-05
/home/da7th/Desktop/Udacity/sdc/CarND-P3/dat/IMG/center_2017_02_12_19_28_14_843.jpg, /home/da7th/Desktop/Udacity/sdc/CarND-P3/dat/IMG/left_2017_02_12_19_28_14_843.jpg, /home/da7th/Desktop/Udacity/sdc/CarND-P3/dat/IMG/right_2017_02_12_19_28_14_843.jpg, 0, 0, 0, 4.992913E-05
/home/da7th/Desktop/Udacity/sdc/CarND-P3/dat/IMG/center_2017_02_12_19_28_14_962.jpg, /home/da7th/Desktop/Udacity/sdc/CarND-P3/dat/IMG/left_2017_02_12_19_28_14_962.jpg, /home/da7th/Desktop/Udacity/sdc/CarND-P3/dat/IMG/right_2017_02_12_19_28_14_962.jpg, 0, 0, 0, 4.912894E-05
/home/da7th/Desktop/Udacity/sdc/CarND-P3/dat/IMG/center_2017_02_12_19_28_15_065.jpg, /home/da7th/Desktop/Udacity/sdc/CarND-P3/dat/IMG/left_2017_02_12_19_28_15_065.jpg, /home/da7th/Desktop/Udacity/sdc/CarND-P3/dat/IMG/right_2017_02_12_19_28_15_065.jpg, 0, 0, 0, 4.931656E-05
/home/da7th/Desktop/Udacity/sdc/CarND-P3/dat/IMG/center_2017_02_12_19_28_15_189.jpg, /home/da7th/Desktop/Udacity/sdc/CarND-P3/dat/IMG/left_2017_02_12_19_28_15_189.jpg, /home/da7th/Desktop/Udacity/sdc/CarND-P3/dat/IMG/right_2017_02_12_19_28_15_189.jpg, 0, 0, 0, 4.909948E-05
/home/da7th/Desktop/Udacity/sdc/CarND-P3/dat/IMG/center_2017_02_12_19_28_15_312.jpg, /home/da7th/Desktop/Udacity/sdc/CarND-P3/dat/IMG/left_2017_02_12_19_28_15_312.jpg, /home/da7th/Desktop/Udacity/sdc/CarND-P3/dat/IMG/right_2017_02_12_19_28_15_312.jpg, 0, 0, 0, 5.316885E-05
/home/da7th/Desktop/Udacity/sdc/CarND-P3/dat/IMG/center_2017_02_12_19_28_15_425.jpg, /home/da7th/Desktop/Udacity/sdc/CarND-P3/dat/IMG/left_2017_02_12_19_28_15_425.jpg, /home/da7th/Desktop/Udacity/sdc/CarND-P3/dat/IMG/right_2017_02_12_19_28_15_425.jpg, 0, 0, 0, 4.962263E-05
/home/da7th/Desktop/Udacity/sdc/CarND-P3/dat/IMG/center_2017_02_12_19_28_15_529.jpg, /home/da7th/Desktop/Udacity/sdc/CarND-P3/dat/IMG/left_2017_02_12_19_28_15_529.jpg, /home/da7th/Desktop/Udacity/sdc/CarND-P3/dat/IMG/right_2017_02_12_19_28_15_529.jpg, 0, 0, 0, 4.925817E-05
/home/da7th/Desktop/Udacity/sdc/CarND-P3/dat/IMG/center_2017_02_12_19_28_15_650.jpg, /home/da7th/Desktop/Udacity/sdc/CarND-P3/dat/IMG/left_2017_02_12_19_28_15_650.jpg, /home/da7th/Desktop/Udacity/sdc/CarND-P3/dat/IMG/right_2017_02_12_19_28_15_650.jpg, 0, 0, 0, 4.943897E-05
/home/da7th/Desktop/Udacity/sdc/CarND-P3/dat/IMG/center_2017_02_12_19_28_15_762.jpg, /home/da7th/Desktop/Udacity/sdc/CarND-P3/dat/IMG/left_2017_02_12_19_28_15_762.jpg, /home/da7th/Desktop/Udacity/sdc/CarND-P3/dat/IMG/right_2017_02_12_19_28_15_762.jpg, 0, 0, 0, 4.965687E-05
/home/da7th/Desktop/Udacity/sdc/CarND-P3/dat/IMG/center_2017_02_12_19_28_15_865.jpg, /home/da7th/Desktop/Udacity/sdc/CarND-P3/dat/IMG/left_2017_02_12_19_28_15_865.jpg, /home/da7th/Desktop/Udacity/sdc/CarND-P3/dat/IMG/right_2017_02_12_19_28_15_865.jpg, 0, 0, 0, 4.907637E-05
/home/da7th/Desktop/Udacity/sdc/CarND-P3/dat/IMG/center_2017_02_12_19_28_15_985.jpg, /home/da7th/Desktop/Udacity/sdc/CarND-P3/dat/IMG/left_2017_02_12_19_28_15_985.jpg, /home/da7th/Desktop/Udacity/sdc/CarND-P3/dat/IMG/right_2017_02_12_19_28_15_985.jpg, 0, 0, 0, 5.102471E-05
/home/da7th/Desktop/Udacity/sdc/CarND-P3/dat/IMG/center_2017_02_12_19_28_16_089.jpg, /home/da7th/Desktop/Udacity/sdc/CarND-P3/dat/IMG/left_2017_02_12_19_28_16_089.jpg, /home/da7th/Desktop/Udacity/sdc/CarND-P3/dat/IMG/right_2017_02_12_19_28_16_089.jpg, 0, 0, 0, 5.056744E-05
/home/da7th/Desktop/Udacity/sdc/CarND-P3/dat/IMG/center_2017_02_12_19_28_16_210.jpg, /home/da7th/Desktop/Udacity/sdc/CarND-P3/dat/IMG/left_2017_02_12_19_28_16_210.jpg, /home/da7th/Desktop/Udacity/sdc/CarND-P3/dat/IMG/right_2017_02_12_19_28_16_210.jpg, 0, 0, 0, 5.208825E-05
/home/da7th/Desktop/Udacity/sdc/CarND-P3/dat/IMG/center_2017_02_12_19_28_16_324.jpg, /home/da7th/Desktop/Udacity/sdc/CarND-P3/dat/IMG/left_2017_02_12_19_28_16_324.jpg, /home/da7th/Desktop/Udacity/sdc/CarND-P3/dat/IMG/right_2017_02_12_19_28_16_324.jpg, 0, 0, 0, 4.986346E-05
/home/da7th/Desktop/Udacity/sdc/CarND-P3/dat/IMG/center_2017_02_12_19_28_16_426.jpg, /home/da7th/Desktop/Udacity/sdc/CarND-P3/dat/IMG/left_2017_02_12_19_28_16_426.jpg, /home/da7th/Desktop/Udacity/sdc/CarND-P3/dat/IMG/right_2017_02_12_19_28_16_426.jpg, 0, 0, 0, 4.934002E-05
/home/da7th/Desktop/Udacity/sdc/CarND-P3/dat/IMG/center_2017_02_12_19_28_16_547.jpg, /home/da7th/Desktop/Udacity/sdc/CarND-P3/dat/IMG/left_2017_02_12_19_28_16_547.jpg, /home/da7th/Desktop/Udacity/sdc/CarND-P3/dat/IMG/right_2017_02_12_19_28_16_547.jpg, 0, 0, 0, 4.952995E-05
/home/da7th/Desktop/Udacity/sdc/CarND-P3/dat/IMG/center_2017_02_12_19_28_16_649.jpg, /home/da7th/Desktop/Udacity/sdc/CarND-P3/dat/IMG/left_2017_02_12_19_28_16_649.jpg, /home/da7th/Desktop/Udacity/sdc/CarND-P3/dat/IMG/right_2017_02_12_19_28_16_649.jpg, 0, 0, 0, 5.331735E-05
/home/da7th/Desktop/Udacity/sdc/CarND-P3/dat/IMG/center_2017_02_12_19_28_16_771.jpg, /home/da7th/Desktop/Udacity/sdc/CarND-P3/dat/IMG/left_2017_02_12_19_28_16_771.jpg, /home/da7th/Desktop/Udacity/sdc/CarND-P3/dat/IMG/right_2017_02_12_19_28_16_771.jpg, 0, 0, 0, 4.94673E-05
/home/da7th/Desktop/Udacity/sdc/CarND-P3/dat/IMG/center_2017_02_12_19_28_16_885.jpg, /home/da7th/Desktop/Udacity/sdc/CarND-P3/dat/IMG/left_2017_02_12_19_28_16_885.jpg, /home/da7th/Desktop/Udacity/sdc/CarND-P3/dat/IMG/right_2017_02_12_19_28_16_885.jpg, 0, 0, 0, 5.174103E-05
/home/da7th/Desktop/Udacity/sdc/CarND-P3/dat/IMG/center_2017_02_12_19_28_16_987.jpg, /home/da7th/Desktop/Udacity/sdc/CarND-P3/dat/IMG/left_2017_02_12_19_28_16_987.jpg, /home/da7th/Desktop/Udacity/sdc/CarND-P3/dat/IMG/right_2017_02_12_19_28_16_987.jpg, 0, 0, 0, 5.236172E-05
/home/da7th/Desktop/Udacity/sdc/CarND-P3/dat/IMG/center_2017_02_12_19_28_17_108.jpg, /home/da7th/Desktop/Udacity/sdc/CarND-P3/dat/IMG/left_2017_02_12_19_28_17_108.jpg, /home/da7th/Desktop/Udacity/sdc/CarND-P3/dat/IMG/right_2017_02_12_19_28_17_108.jpg, 0, 0, 0, 5.026091E-05
/home/da7th/Desktop/Udacity/sdc/CarND-P3/dat/IMG/center_2017_02_12_19_28_17_224.jpg, /home/da7th/Desktop/Udacity/sdc/CarND-P3/dat/IMG/left_2017_02_12_19_28_17_224.jpg, /home/da7th/Desktop/Udacity/sdc/CarND-P3/dat/IMG/right_2017_02_12_19_28_17_224.jpg, 0, 0, 0, 4.95252E-05
/home/da7th/Desktop/Udacity/sdc/CarND-P3/dat/IMG/center_2017_02_12_19_28_17_327.jpg, /home/da7th/Desktop/Udacity/sdc/CarND-P3/dat/IMG/left_2017_02_12_19_28_17_327.jpg, /home/da7th/Desktop/Udacity/sdc/CarND-P3/dat/IMG/right_2017_02_12_19_28_17_327.jpg, 0, 0, 0, 4.991067E-05
/home/da7th/Desktop/Udacity/sdc/CarND-P3/dat/IMG/center_2017_02_12_19_28_17_447.jpg, /home/da7th/Desktop/Udacity/sdc/CarND-P3/dat/IMG/left_2017_02_12_19_28_17_447.jpg, /home/da7th/Desktop/Udacity/sdc/CarND-P3/dat/IMG/right_2017_02_12_19_28_17_447.jpg, 0, 0, 0, 5.195193E-05
/home/da7th/Desktop/Udacity/sdc/CarND-P3/dat/IMG/center_2017_02_12_19_28_17_559.jpg, /home/da7th/Desktop/Udacity/sdc/CarND-P3/dat/IMG/left_2017_02_12_19_28_17_559.jpg, /home/da7th/Desktop/Udacity/sdc/CarND-P3/dat/IMG/right_2017_02_12_19_28_17_559.jpg, 0, 0, 0, 4.970307E-05
/home/da7th/Desktop/Udacity/sdc/CarND-P3/dat/IMG/center_2017_02_12_19_28_17_666.jpg, /home/da7th/Desktop/Udacity/sdc/CarND-P3/dat/IMG/left_2017_02_12_19_28_17_666.jpg, /home/da7th/Desktop/Udacity/sdc/CarND-P3/dat/IMG/right_2017_02_12_19_28_17_666.jpg, 0, 0, 0, 5.17826E-05
/home/da7th/Desktop/Udacity/sdc/CarND-P3/dat/IMG/center_2017_02_12_19_28_17_783.jpg, /home/da7th/Desktop/Udacity/sdc/CarND-P3/dat/IMG/left_2017_02_12_19_28_17_783.jpg, /home/da7th/Desktop/Udacity/sdc/CarND-P3/dat/IMG/right_2017_02_12_19_28_17_783.jpg, 0, 0, 0, 5.012681E-05
/home/da7th/Desktop/Udacity/sdc/CarND-P3/dat/IMG/center_2017_02_12_19_28_17_900.jpg, /home/da7th/Desktop/Udacity/sdc/CarND-P3/dat/IMG/left_2017_02_12_19_28_17_900.jpg, /home/da7th/Desktop/Udacity/sdc/CarND-P3/dat/IMG/right_2017_02_12_19_28_17_900.jpg, 0, 0, 0, 4.996635E-05
/home/da7th/Desktop/Udacity/sdc/CarND-P3/dat/IMG/center_2017_02_12_19_28_18_005.jpg, /home/da7th/Desktop/Udacity/sdc/CarND-P3/dat/IMG/left_2017_02_12_19_28_18_005.jpg, /home/da7th/Desktop/Udacity/sdc/CarND-P3/dat/IMG/right_2017_02_12_19_28_18_005.jpg, 0, 0, 0, 5.250953E-05
/home/da7th/Desktop/Udacity/sdc/CarND-P3/dat/IMG/center_2017_02_12_19_28_18_128.jpg, /home/da7th/Desktop/Udacity/sdc/CarND-P3/dat/IMG/left_2017_02_12_19_28_18_128.jpg, /home/da7th/Desktop/Udacity/sdc/CarND-P3/dat/IMG/right_2017_02_12_19_28_18_128.jpg, 0, 0, 0, 5.010805E-05
/home/da7th/Desktop/Udacity/sdc/CarND-P3/dat/IMG/center_2017_02_12_19_28_18_230.jpg, /home/da7th/Desktop/Udacity/sdc/CarND-P3/dat/IMG/left_2017_02_12_19_28_18_230.jpg, /home/da7th/Desktop/Udacity/sdc/CarND-P3/dat/IMG/right_2017_02_12_19_28_18_230.jpg, 0, 0, 0, 4.947807E-05
/home/da7th/Desktop/Udacity/sdc/CarND-P3/dat/IMG/center_2017_02_12_19_28_18_351.jpg, /home/da7th/Desktop/Udacity/sdc/CarND-P3/dat/IMG/left_2017_02_12_19_28_18_351.jpg, /home/da7th/Desktop/Udacity/sdc/CarND-P3/dat/IMG/right_2017_02_12_19_28_18_351.jpg, -0.3611548, 0, 0, 7.769631E-05
/home/da7th/Desktop/Udacity/sdc/CarND-P3/dat/IMG/center_2017_02_12_19_28_18_463.jpg, /home/da7th/Desktop/Udacity/sdc/CarND-P3/dat/IMG/left_2017_02_12_19_28_18_463.jpg, /home/da7th/Desktop/Udacity/sdc/CarND-P3/dat/IMG/right_2017_02_12_19_28_18_463.jpg, -0.7000436, 0, 0, 0.0001007891
/home/da7th/Desktop/Udacity/sdc/CarND-P3/dat/IMG/center_2017_02_12_19_28_18_578.jpg, /home/da7th/Desktop/Udacity/sdc/CarND-P3/dat/IMG/left_2017_02_12_19_28_18_578.jpg, /home/da7th/Desktop/Udacity/sdc/CarND-P3/dat/IMG/right_2017_02_12_19_28_18_578.jpg, -1, 0, 0, 0.0001141162
/home/da7th/Desktop/Udacity/sdc/CarND-P3/dat/IMG/center_2017_02_12_19_28_18_682.jpg, /home/da7th/Desktop/Udacity/sdc/CarND-P3/dat/IMG/left_2017_02_12_19_28_18_682.jpg, /home/da7th/Desktop/Udacity/sdc/CarND-P3/dat/IMG/right_2017_02_12_19_28_18_682.jpg, -1, 0, 0, 0.0001143687
/home/da7th/Desktop/Udacity/sdc/CarND-P3/dat/IMG/center_2017_02_12_19_28_18_804.jpg, /home/da7th/Desktop/Udacity/sdc/CarND-P3/dat/IMG/left_2017_02_12_19_28_18_804.jpg, /home/da7th/Desktop/Udacity/sdc/CarND-P3/dat/IMG/right_2017_02_12_19_28_18_804.jpg, -1, 0, 0, 0.0001142178
/home/da7th/Desktop/Udacity/sdc/CarND-P3/dat/IMG/center_2017_02_12_19_28_18_917.jpg, /home/da7th/Desktop/Udacity/sdc/CarND-P3/dat/IMG/left_2017_02_12_19_28_18_917.jpg, /home/da7th/Desktop/Udacity/sdc/CarND-P3/dat/IMG/right_2017_02_12_19_28_18_917.jpg, -1, 0, 0, 0.0001139907
/home/da7th/Desktop/Udacity/sdc/CarND-P3/dat/IMG/center_2017_02_12_19_28_19_030.jpg, /home/da7th/Desktop/Udacity/sdc/CarND-P3/dat/IMG/left_2017_02_12_19_28_19_030.jpg, /home/da7th/Desktop/Udacity/sdc/CarND-P3/dat/IMG/right_2017_02_12_19_28_19_030.jpg, -1, 0, 0, 0.0001139543
/home/da7th/Desktop/Udacity/sdc/CarND-P3/dat/IMG/center_2017_02_12_19_28_19_144.jpg, /home/da7th/Desktop/Udacity/sdc/CarND-P3/dat/IMG/left_2017_02_12_19_28_19_144.jpg, /home/da7th/Desktop/Udacity/sdc/CarND-P3/dat/IMG/right_2017_02_12_19_28_19_144.jpg, -1, 0, 0, 0.0001136267
/home/da7th/Desktop/Udacity/sdc/CarND-P3/dat/IMG/center_2017_02_12_19_28_19_247.jpg, /home/da7th/Desktop/Udacity/sdc/CarND-P3/dat/IMG/left_2017_02_12_19_28_19_247.jpg, /home/da7th/Desktop/Udacity/sdc/CarND-P3/dat/IMG/right_2017_02_12_19_28_19_247.jpg, -1, 0, 0, 0.0001139519
/home/da7th/Desktop/Udacity/sdc/CarND-P3/dat/IMG/center_2017_02_12_19_28_19_368.jpg, /home/da7th/Desktop/Udacity/sdc/CarND-P3/dat/IMG/left_2017_02_12_19_28_19_368.jpg, /home/da7th/Desktop/Udacity/sdc/CarND-P3/dat/IMG/right_2017_02_12_19_28_19_368.jpg, -1, 0, 0, 0.0001140612
/home/da7th/Desktop/Udacity/sdc/CarND-P3/dat/IMG/center_2017_02_12_19_28_19_481.jpg, /home/da7th/Desktop/Udacity/sdc/CarND-P3/dat/IMG/left_2017_02_12_19_28_19_481.jpg, /home/da7th/Desktop/Udacity/sdc/CarND-P3/dat/IMG/right_2017_02_12_19_28_19_481.jpg, -1, 0, 0, 0.0001137734
/home/da7th/Desktop/Udacity/sdc/CarND-P3/dat/IMG/center_2017_02_12_19_28_19_595.jpg, /home/da7th/Desktop/Udacity/sdc/CarND-P3/dat/IMG/left_2017_02_12_19_28_19_595.jpg, /home/da7th/Desktop/Udacity/sdc/CarND-P3/dat/IMG/right_2017_02_12_19_28_19_595.jpg, -1, 0, 0, 0.0001142916
/home/da7th/Desktop/Udacity/sdc/CarND-P3/dat/IMG/center_2017_02_12_19_28_34_389.jpg, /home/da7th/Desktop/Udacity/sdc/CarND-P3/dat/IMG/left_2017_02_12_19_28_34_389.jpg, /home/da7th/Desktop/Udacity/sdc/CarND-P3/dat/IMG/right_2017_02_12_19_28_34_389.jpg, -1, 0, 0, 0.5544692
/home/da7th/Desktop/Udacity/sdc/CarND-P3/dat/IMG/center_2017_02_12_19_28_34_502.jpg, /home/da7th/Desktop/Udacity/sdc/CarND-P3/dat/IMG/left_2017_02_12_19_28_34_502.jpg, /home/da7th/Desktop/Udacity/sdc/CarND-P3/dat/IMG/right_2017_02_12_19_28_34_502.jpg, -1, 0, 0, 0.5481471
/home/da7th/Desktop/Udacity/sdc/CarND-P3/dat/IMG/center_2017_02_12_19_28_34_635.jpg, /home/da7th/Desktop/Udacity/sdc/CarND-P3/dat/IMG/left_2017_02_12_19_28_34_635.jpg, /home/da7th/Desktop/Udacity/sdc/CarND-P3/dat/IMG/right_2017_02_12_19_28_34_635.jpg, -1, 0, 0, 0.5358252
/home/da7th/Desktop/Udacity/sdc/CarND-P3/dat/IMG/center_2017_02_12_19_28_34_744.jpg, /home/da7th/Desktop/Udacity/sdc/CarND-P3/dat/IMG/left_2017_02_12_19_28_34_744.jpg, /home/da7th/Desktop/Udacity/sdc/CarND-P3/dat/IMG/right_2017_02_12_19_28_34_744.jpg, -1, 0, 0, 0.5292056
/home/da7th/Desktop/Udacity/sdc/CarND-P3/dat/IMG/center_2017_02_12_19_28_34_878.jpg, /home/da7th/Desktop/Udacity/sdc/CarND-P3/dat/IMG/left_2017_02_12_19_28_34_878.jpg, /home/da7th/Desktop/Udacity/sdc/CarND-P3/dat/IMG/right_2017_02_12_19_28_34_878.jpg, -1, 0, 0, 0.5204805
/home/da7th/Desktop/Udacity/sdc/CarND-P3/dat/IMG/center_2017_02_12_19_28_35_006.jpg, /home/da7th/Desktop/Udacity/sdc/CarND-P3/dat/IMG/left_2017_02_12_19_28_35_006.jpg, /home/da7th/Desktop/Udacity/sdc/CarND-P3/dat/IMG/right_2017_02_12_19_28_35_006.jpg, -1, 0.3280506, 0, 0.7668567
/home/da7th/Desktop/Udacity/sdc/CarND-P3/dat/IMG/center_2017_02_12_19_28_35_126.jpg, /home/da7th/Desktop/Udacity/sdc/CarND-P3/dat/IMG/left_2017_02_12_19_28_35_126.jpg, /home/da7th/Desktop/Udacity/sdc/CarND-P3/dat/IMG/right_2017_02_12_19_28_35_126.jpg, -1, 0.7255712, 0, 1.674473
/home/da7th/Desktop/Udacity/sdc/CarND-P3/dat/IMG/center_2017_02_12_19_28_35_228.jpg, /home/da7th/Desktop/Udacity/sdc/CarND-P3/dat/IMG/left_2017_02_12_19_28_35_228.jpg, /home/da7th/Desktop/Udacity/sdc/CarND-P3/dat/IMG/right_2017_02_12_19_28_35_228.jpg, -1, 1, 0, 2.706423
/home/da7th/Desktop/Udacity/sdc/CarND-P3/dat/IMG/center_2017_02_12_19_28_35_360.jpg, /home/da7th/Desktop/Udacity/sdc/CarND-P3/dat/IMG/left_2017_02_12_19_28_35_360.jpg, /home/da7th/Desktop/Udacity/sdc/CarND-P3/dat/IMG/right_2017_02_12_19_28_35_360.jpg, -1, 1, 0, 4.303422
/home/da7th/Desktop/Udacity/sdc/CarND-P3/dat/IMG/center_2017_02_12_19_28_35_467.jpg, /home/da7th/Desktop/Udacity/sdc/CarND-P3/dat/IMG/left_2017_02_12_19_28_35_467.jpg, /home/da7th/Desktop/Udacity/sdc/CarND-P3/dat/IMG/right_2017_02_12_19_28_35_467.jpg, -1, 1, 0, 5.425734
/home/da7th/Desktop/Udacity/sdc/CarND-P3/dat/IMG/center_2017_02_12_19_28_35_599.jpg, /home/da7th/Desktop/Udacity/sdc/CarND-P3/dat/IMG/left_2017_02_12_19_28_35_599.jpg, /home/da7th/Desktop/Udacity/sdc/CarND-P3/dat/IMG/right_2017_02_12_19_28_35_599.jpg, -0.8998542, 1, 0, 6.996376
/home/da7th/Desktop/Udacity/sdc/CarND-P3/dat/IMG/center_2017_02_12_19_28_35_706.jpg, /home/da7th/Desktop/Udacity/sdc/CarND-P3/dat/IMG/left_2017_02_12_19_28_35_706.jpg, /home/da7th/Desktop/Udacity/sdc/CarND-P3/dat/IMG/right_2017_02_12_19_28_35_706.jpg, -0.57868, 0.6788259, 0, 7.934604
/home/da7th/Desktop/Udacity/sdc/CarND-P3/dat/IMG/center_2017_02_12_19_28_35_835.jpg, /home/da7th/Desktop/Udacity/sdc/CarND-P3/dat/IMG/left_2017_02_12_19_28_35_835.jpg, /home/da7th/Desktop/Udacity/sdc/CarND-P3/dat/IMG/right_2017_02_12_19_28_35_835.jpg, 0.2110677, 0.290221, 0, 8.473355
/home/da7th/Desktop/Udacity/sdc/CarND-P3/dat/IMG/center_2017_02_12_19_28_35_944.jpg, /home/da7th/Desktop/Udacity/sdc/CarND-P3/dat/IMG/left_2017_02_12_19_28_35_944.jpg, /home/da7th/Desktop/Udacity/sdc/CarND-P3/dat/IMG/right_2017_02_12_19_28_35_944.jpg, 0.2447555, 0, 0, 8.448445
/home/da7th/Desktop/Udacity/sdc/CarND-P3/dat/IMG/center_2017_02_12_19_28_36_074.jpg, /home/da7th/Desktop/Udacity/sdc/CarND-P3/dat/IMG/left_2017_02_12_19_28_36_074.jpg, /home/da7th/Desktop/Udacity/sdc/CarND-P3/dat/IMG/right_2017_02_12_19_28_36_074.jpg, 0, 0, 0, 8.328295
/home/da7th/Desktop/Udacity/sdc/CarND-P3/dat/IMG/center_2017_02_12_19_28_36_182.jpg, /home/da7th/Desktop/Udacity/sdc/CarND-P3/dat/IMG/left_2017_02_12_19_28_36_182.jpg, /home/da7th/Desktop/Udacity/sdc/CarND-P3/dat/IMG/right_2017_02_12_19_28_36_182.jpg, 0, 0, 0, 8.243532
/home/da7th/Desktop/Udacity/sdc/CarND-P3/dat/IMG/center_2017_02_12_19_28_36_290.jpg, /home/da7th/Desktop/Udacity/sdc/CarND-P3/dat/IMG/left_2017_02_12_19_28_36_290.jpg, /home/da7th/Desktop/Udacity/sdc/CarND-P3/dat/IMG/right_2017_02_12_19_28_36_290.jpg, 0, 0, 0, 8.143022
/home/da7th/Desktop/Udacity/sdc/CarND-P3/dat/IMG/center_2017_02_12_19_28_42_980.jpg, /home/da7th/Desktop/Udacity/sdc/CarND-P3/dat/IMG/left_2017_02_12_19_28_42_980.jpg, /home/da7th/Desktop/Udacity/sdc/CarND-P3/dat/IMG/right_2017_02_12_19_28_42_980.jpg, 1, 0, 0, 1.56998
/home/da7th/Desktop/Udacity/sdc/CarND-P3/dat/IMG/center_2017_02_12_19_28_43_085.jpg, /home/da7th/Desktop/Udacity/sdc/CarND-P3/dat/IMG/left_2017_02_12_19_28_43_085.jpg, /home/da7th/Desktop/Udacity/sdc/CarND-P3/dat/IMG/right_2017_02_12_19_28_43_085.jpg, 1, 0, 0, 1.54356
/home/da7th/Desktop/Udacity/sdc/CarND-P3/dat/IMG/center_2017_02_12_19_28_43_189.jpg, /home/da7th/Desktop/Udacity/sdc/CarND-P3/dat/IMG/left_2017_02_12_19_28_43_189.jpg, /home/da7th/Desktop/Udacity/sdc/CarND-P3/dat/IMG/right_2017_02_12_19_28_43_189.jpg, 1, 0, 0, 1.513036
/home/da7th/Desktop/Udacity/sdc/CarND-P3/dat/IMG/center_2017_02_12_19_28_43_320.jpg, /home/da7th/Desktop/Udacity/sdc/CarND-P3/dat/IMG/left_2017_02_12_19_28_43_320.jpg, /home/da7th/Desktop/Udacity/sdc/CarND-P3/dat/IMG/right_2017_02_12_19_28_43_320.jpg, 1, 0, 0, 1.483763
/home/da7th/Desktop/Udacity/sdc/CarND-P3/dat/IMG/center_2017_02_12_19_28_43_444.jpg, /home/da7th/Desktop/Udacity/sdc/CarND-P3/dat/IMG/left_2017_02_12_19_28_43_444.jpg, /home/da7th/Desktop/Udacity/sdc/CarND-P3/dat/IMG/right_2017_02_12_19_28_43_444.jpg, 1, 0.2169328, 0, 1.537794
/home/da7th/Desktop/Udacity/sdc/CarND-P3/dat/IMG/center_2017_02_12_19_28_43_567.jpg, /home/da7th/Desktop/Udacity/sdc/CarND-P3/dat/IMG/left_2017_02_12_19_28_43_567.jpg, /home/da7th/Desktop/Udacity/sdc/CarND-P3/dat/IMG/right_2017_02_12_19_28_43_567.jpg, 1, 0.5373237, 0, 2.125542
/home/da7th/Desktop/Udacity/sdc/CarND-P3/dat/IMG/center_2017_02_12_19_28_43_657.jpg, /home/da7th/Desktop/Udacity/sdc/CarND-P3/dat/IMG/left_2017_02_12_19_28_43_657.jpg, /home/da7th/Desktop/Udacity/sdc/CarND-P3/dat/IMG/right_2017_02_12_19_28_43_657.jpg, 1, 0.8566167, 0, 2.96884
/home/da7th/Desktop/Udacity/sdc/CarND-P3/dat/IMG/center_2017_02_12_19_28_43_764.jpg, /home/da7th/Desktop/Udacity/sdc/CarND-P3/dat/IMG/left_2017_02_12_19_28_43_764.jpg, /home/da7th/Desktop/Udacity/sdc/CarND-P3/dat/IMG/right_2017_02_12_19_28_43_764.jpg, 1, 1, 0, 4.094148
/home/da7th/Desktop/Udacity/sdc/CarND-P3/dat/IMG/center_2017_02_12_19_28_43_871.jpg, /home/da7th/Desktop/Udacity/sdc/CarND-P3/dat/IMG/left_2017_02_12_19_28_43_871.jpg, /home/da7th/Desktop/Udacity/sdc/CarND-P3/dat/IMG/right_2017_02_12_19_28_43_871.jpg, 1, 1, 0, 5.440494
/home/da7th/Desktop/Udacity/sdc/CarND-P3/dat/IMG/center_2017_02_12_19_28_43_982.jpg, /home/da7th/Desktop/Udacity/sdc/CarND-P3/dat/IMG/left_2017_02_12_19_28_43_982.jpg, /home/da7th/Desktop/Udacity/sdc/CarND-P3/dat/IMG/right_2017_02_12_19_28_43_982.jpg, 1, 1, 0, 6.550662
/home/da7th/Desktop/Udacity/sdc/CarND-P3/dat/IMG/center_2017_02_12_19_28_44_093.jpg, /home/da7th/Desktop/Udacity/sdc/CarND-P3/dat/IMG/left_2017_02_12_19_28_44_093.jpg, /home/da7th/Desktop/Udacity/sdc/CarND-P3/dat/IMG/right_2017_02_12_19_28_44_093.jpg, 1, 1, 0, 7.869458
/home/da7th/Desktop/Udacity/sdc/CarND-P3/dat/IMG/center_2017_02_12_19_28_44_200.jpg, /home/da7th/Desktop/Udacity/sdc/CarND-P3/dat/IMG/left_2017_02_12_19_28_44_200.jpg, /home/da7th/Desktop/Udacity/sdc/CarND-P3/dat/IMG/right_2017_02_12_19_28_44_200.jpg, 0.678484, 0.678484, 0, 8.804558
/home/da7th/Desktop/Udacity/sdc/CarND-P3/dat/IMG/center_2017_02_12_19_28_44_309.jpg, /home/da7th/Desktop/Udacity/sdc/CarND-P3/dat/IMG/left_2017_02_12_19_28_44_309.jpg, /home/da7th/Desktop/Udacity/sdc/CarND-P3/dat/IMG/right_2017_02_12_19_28_44_309.jpg, 0.3511808, 0.3511808, 0, 9.411366
/home/da7th/Desktop/Udacity/sdc/CarND-P3/dat/IMG/center_2017_02_12_19_28_44_419.jpg, /home/da7th/Desktop/Udacity/sdc/CarND-P3/dat/IMG/left_2017_02_12_19_28_44_419.jpg, /home/da7th/Desktop/Udacity/sdc/CarND-P3/dat/IMG/right_2017_02_12_19_28_44_419.jpg, 0.02065897, 0.02065897, 0, 9.507577
/home/da7th/Desktop/Udacity/sdc/CarND-P3/dat/IMG/center_2017_02_12_19_28_44_526.jpg, /home/da7th/Desktop/Udacity/sdc/CarND-P3/dat/IMG/left_2017_02_12_19_28_44_526.jpg, /home/da7th/Desktop/Udacity/sdc/CarND-P3/dat/IMG/right_2017_02_12_19_28_44_526.jpg, 0, 0, 0, 9.408714
/home/da7th/Desktop/Udacity/sdc/CarND-P3/dat/IMG/center_2017_02_12_19_28_44_633.jpg, /home/da7th/Desktop/Udacity/sdc/CarND-P3/dat/IMG/left_2017_02_12_19_28_44_633.jpg, /home/da7th/Desktop/Udacity/sdc/CarND-P3/dat/IMG/right_2017_02_12_19_28_44_633.jpg, 0, 0, 0, 9.299578
/home/da7th/Desktop/Udacity/sdc/CarND-P3/dat/IMG/center_2017_02_12_19_28_44_741.jpg, /home/da7th/Desktop/Udacity/sdc/CarND-P3/dat/IMG/left_2017_02_12_19_28_44_741.jpg, /home/da7th/Desktop/Udacity/sdc/CarND-P3/dat/IMG/right_2017_02_12_19_28_44_741.jpg, 0, 0, 0, 9.208883
/home/da7th/Desktop/Udacity/sdc/CarND-P3/dat/IMG/center_2017_02_12_19_28_54_055.jpg, /home/da7th/Desktop/Udacity/sdc/CarND-P3/dat/IMG/left_2017_02_12_19_28_54_055.jpg, /home/da7th/Desktop/Udacity/sdc/CarND-P3/dat/IMG/right_2017_02_12_19_28_54_055.jpg, 0, 0, 0, 18.6964
/home/da7th/Desktop/Udacity/sdc/CarND-P3/dat/IMG/center_2017_02_12_19_28_54_170.jpg, /home/da7th/Desktop/Udacity/sdc/CarND-P3/dat/IMG/left_2017_02_12_19_28_54_170.jpg, /home/da7th/Desktop/Udacity/sdc/CarND-P3/dat/IMG/right_2017_02_12_19_28_54_170.jpg, 0, 0, 0, 18.48491
/home/da7th/Desktop/Udacity/sdc/CarND-P3/dat/IMG/center_2017_02_12_19_28_54_281.jpg, /home/da7th/Desktop/Udacity/sdc/CarND-P3/dat/IMG/left_2017_02_12_19_28_54_281.jpg, /home/da7th/Desktop/Udacity/sdc/CarND-P3/dat/IMG/right_2017_02_12_19_28_54_281.jpg, 0, 0, 0, 17.79414
/home/da7th/Desktop/Udacity/sdc/CarND-P3/dat/IMG/center_2017_02_12_19_28_54_390.jpg, /home/da7th/Desktop/Udacity/sdc/CarND-P3/dat/IMG/left_2017_02_12_19_28_54_390.jpg, /home/da7th/Desktop/Udacity/sdc/CarND-P3/dat/IMG/right_2017_02_12_19_28_54_390.jpg, 0, 0, 0, 17.57095
/home/da7th/Desktop/Udacity/sdc/CarND-P3/dat/IMG/center_2017_02_12_19_28_54_506.jpg, /home/da7th/Desktop/Udacity/sdc/CarND-P3/dat/IMG/left_2017_02_12_19_28_54_506.jpg, /home/da7th/Desktop/Udacity/sdc/CarND-P3/dat/IMG/right_2017_02_12_19_28_54_506.jpg, 0, 0, 0, 17.90979
/home/da7th/Desktop/Udacity/sdc/CarND-P3/dat/IMG/center_2017_02_12_19_28_54_611.jpg, /home/da7th/Desktop/Udacity/sdc/CarND-P3/dat/IMG/left_2017_02_12_19_28_54_611.jpg, /home/da7th/Desktop/Udacity/sdc/CarND-P3/dat/IMG/right_2017_02_12_19_28_54_611.jpg, 0, 0, 0, 17.6982
/home/da7th/Desktop/Udacity/sdc/CarND-P3/dat/IMG/center_2017_02_12_19_28_54_729.jpg, /home/da7th/Desktop/Udacity/sdc/CarND-P3/dat/IMG/left_2017_02_12_19_28_54_729.jpg, /home/da7th/Desktop/Udacity/sdc/CarND-P3/dat/IMG/right_2017_02_12_19_28_54_729.jpg, -0.1524003, 0, 0, 17.48358
/home/da7th/Desktop/Udacity/sdc/CarND-P3/dat/IMG/center_2017_02_12_19_28_54_843.jpg, /home/da7th/Desktop/Udacity/sdc/CarND-P3/dat/IMG/left_2017_02_12_19_28_54_843.jpg, /home/da7th/Desktop/Udacity/sdc/CarND-P3/dat/IMG/right_2017_02_12_19_28_54_843.jpg, -0.4943161, 0.07937407, 0, 16.72533
/home/da7th/Desktop/Udacity/sdc/CarND-P3/dat/IMG/center_2017_02_12_19_28_54_955.jpg, /home/da7th/Desktop/Udacity/sdc/CarND-P3/dat/IMG/left_2017_02_12_19_28_54_955.jpg, /home/da7th/Desktop/Udacity/sdc/CarND-P3/dat/IMG/right_2017_02_12_19_28_54_955.jpg, -0.5235279, 0.001935482, 0, 16.48911
/home/da7th/Desktop/Udacity/sdc/CarND-P3/dat/IMG/center_2017_02_12_19_28_55_069.jpg, /home/da7th/Desktop/Udacity/sdc/CarND-P3/dat/IMG/left_2017_02_12_19_28_55_069.jpg, /home/da7th/Desktop/Udacity/sdc/CarND-P3/dat/IMG/right_2017_02_12_19_28_55_069.jpg, -0.1815634, 0, 0, 16.29988
